,drop_feature,corr_feature,corr_value
0,IQ_HIGHPRICE,IQ_LASTSALEPRICE,0.9998739398445705
1,IQ_LOWPRICE,IQ_LASTSALEPRICE,0.9998812531626815
2,IQ_LOWPRICE,IQ_HIGHPRICE,0.9998219593324195
3,IQ_OPENPRICE,IQ_LASTSALEPRICE,0.9997398583178767
4,IQ_OPENPRICE,IQ_HIGHPRICE,0.9998894596910952
5,IQ_OPENPRICE,IQ_LOWPRICE,0.9998518332473071
6,IQ_CLOSEPRICE,IQ_LASTSALEPRICE,1.0
7,IQ_CLOSEPRICE,IQ_HIGHPRICE,0.9998739398445705
8,IQ_CLOSEPRICE,IQ_LOWPRICE,0.9998812531626815
9,IQ_CLOSEPRICE,IQ_OPENPRICE,0.9997398583178767
10,IQ_CLOSEPRICE_ADJ,IQ_LASTSALEPRICE,0.9988866034091837
11,IQ_CLOSEPRICE_ADJ,IQ_HIGHPRICE,0.998779165468843
12,IQ_CLOSEPRICE_ADJ,IQ_LOWPRICE,0.9987404368195992
13,IQ_CLOSEPRICE_ADJ,IQ_OPENPRICE,0.9986057082501765
14,IQ_CLOSEPRICE_ADJ,IQ_CLOSEPRICE,0.9988866034091837
15,IQ_VWAP,IQ_LASTSALEPRICE,0.9999436633988074
16,IQ_VWAP,IQ_HIGHPRICE,0.999948961494258
17,IQ_VWAP,IQ_LOWPRICE,0.9999391782404417
18,IQ_VWAP,IQ_OPENPRICE,0.9998771586547305
19,IQ_VWAP,IQ_CLOSEPRICE,0.9999436633988074
20,IQ_VWAP,IQ_CLOSEPRICE_ADJ,0.9988299389328283
21,IQ_EQUITY_BIDPRICE,IQ_LASTSALEPRICE,0.9999995568835764
22,IQ_EQUITY_BIDPRICE,IQ_HIGHPRICE,0.9998733532418871
23,IQ_EQUITY_BIDPRICE,IQ_LOWPRICE,0.999880775356902
24,IQ_EQUITY_BIDPRICE,IQ_OPENPRICE,0.9997386739718455
25,IQ_EQUITY_BIDPRICE,IQ_CLOSEPRICE,0.9999995568835764
26,IQ_EQUITY_BIDPRICE,IQ_CLOSEPRICE_ADJ,0.9988873992672155
27,IQ_EQUITY_BIDPRICE,IQ_VWAP,0.9999431600827304
28,IQ_EQUITY_ASKPRICE,IQ_LASTSALEPRICE,0.9999995563158496
29,IQ_EQUITY_ASKPRICE,IQ_HIGHPRICE,0.9998738693901853
30,IQ_EQUITY_ASKPRICE,IQ_LOWPRICE,0.9998806007299719
31,IQ_EQUITY_ASKPRICE,IQ_OPENPRICE,0.999739069723125
32,IQ_EQUITY_ASKPRICE,IQ_CLOSEPRICE,0.9999995563158496
33,IQ_EQUITY_ASKPRICE,IQ_CLOSEPRICE_ADJ,0.9988865378905812
34,IQ_EQUITY_ASKPRICE,IQ_VWAP,0.9999433030300561
35,IQ_EQUITY_ASKPRICE,IQ_EQUITY_BIDPRICE,0.9999999632638702
36,IQ_EQUITY_MIDPRICE,IQ_LASTSALEPRICE,0.9999995657839645
37,IQ_EQUITY_MIDPRICE,IQ_HIGHPRICE,0.999873620507876
38,IQ_EQUITY_MIDPRICE,IQ_LOWPRICE,0.999880697214347
39,IQ_EQUITY_MIDPRICE,IQ_OPENPRICE,0.9997388810279558
40,IQ_EQUITY_MIDPRICE,IQ_CLOSEPRICE,0.9999995657839645
41,IQ_EQUITY_MIDPRICE,IQ_CLOSEPRICE_ADJ,0.998886977827382
42,IQ_EQUITY_MIDPRICE,IQ_VWAP,0.999943240741365
43,IQ_EQUITY_MIDPRICE,IQ_EQUITY_BIDPRICE,0.9999999908152165
44,IQ_EQUITY_MIDPRICE,IQ_EQUITY_ASKPRICE,0.9999999908167161
45,IQ_YEARLOW,IQ_YEARHIGH,0.9862905319960847
46,IQ_MARKETCAP,IQ_LASTSALEPRICE,0.9868468298331846
47,IQ_MARKETCAP,IQ_HIGHPRICE,0.9866420033158373
48,IQ_MARKETCAP,IQ_LOWPRICE,0.9868755221071597
49,IQ_MARKETCAP,IQ_OPENPRICE,0.9866739662113575
50,IQ_MARKETCAP,IQ_CLOSEPRICE,0.9868468298331846
51,IQ_MARKETCAP,IQ_VWAP,0.9868086301288648
52,IQ_MARKETCAP,IQ_EQUITY_BIDPRICE,0.9868416426657597
53,IQ_MARKETCAP,IQ_EQUITY_ASKPRICE,0.986844556607371
54,IQ_MARKETCAP,IQ_EQUITY_MIDPRICE,0.9868431085048154
55,IQ_CLASS_MARKETCAP,IQ_LASTSALEPRICE,0.9868468298331846
56,IQ_CLASS_MARKETCAP,IQ_HIGHPRICE,0.9866420033158373
57,IQ_CLASS_MARKETCAP,IQ_LOWPRICE,0.9868755221071597
58,IQ_CLASS_MARKETCAP,IQ_OPENPRICE,0.9866739662113575
59,IQ_CLASS_MARKETCAP,IQ_CLOSEPRICE,0.9868468298331846
60,IQ_CLASS_MARKETCAP,IQ_VWAP,0.9868086301288648
61,IQ_CLASS_MARKETCAP,IQ_EQUITY_BIDPRICE,0.9868416426657597
62,IQ_CLASS_MARKETCAP,IQ_EQUITY_ASKPRICE,0.986844556607371
63,IQ_CLASS_MARKETCAP,IQ_EQUITY_MIDPRICE,0.9868431085048154
64,IQ_CLASS_MARKETCAP,IQ_MARKETCAP,1.0
65,IQ_TEV,IQ_LASTSALEPRICE,0.9924591474192203
66,IQ_TEV,IQ_HIGHPRICE,0.9922837277809046
67,IQ_TEV,IQ_LOWPRICE,0.9924565778793246
68,IQ_TEV,IQ_OPENPRICE,0.9922781942170904
69,IQ_TEV,IQ_CLOSEPRICE,0.9924591474192203
70,IQ_TEV,IQ_CLOSEPRICE_ADJ,0.9859535506607455
71,IQ_TEV,IQ_VWAP,0.9924177636517046
72,IQ_TEV,IQ_EQUITY_BIDPRICE,0.9924549835011379
73,IQ_TEV,IQ_EQUITY_ASKPRICE,0.9924571358308282
74,IQ_TEV,IQ_EQUITY_MIDPRICE,0.992456068639793
75,IQ_TEV,IQ_MARKETCAP,0.9982656129206681
76,IQ_TEV,IQ_CLASS_MARKETCAP,0.9982656129206681
77,IQ_CLASS_SHARESOUTSTANDING,IQ_SHARESOUTSTANDING,1.0
78,IQ_SHORT_INTEREST_PERCENT,IQ_SHORT_INTEREST,0.9915589080420215
79,IQ_VOL_LAST_MTH,IQ_VOL_LAST_WK,-1.0
80,IQ_VOL_LAST_3MTH,IQ_VOL_LAST_WK,-1.0
81,IQ_VOL_LAST_3MTH,IQ_VOL_LAST_MTH,1.0
82,IQ_VOL_LAST_6MTH,IQ_VOL_LAST_WK,1.0
83,IQ_VOL_LAST_6MTH,IQ_VOL_LAST_MTH,-1.0
84,IQ_VOL_LAST_6MTH,IQ_VOL_LAST_3MTH,-1.0
85,IQ_VOL_LAST_YR,IQ_VOL_LAST_WK,1.0
86,IQ_VOL_LAST_YR,IQ_VOL_LAST_MTH,-1.0
87,IQ_VOL_LAST_YR,IQ_VOL_LAST_3MTH,-1.0
88,IQ_VOL_LAST_YR,IQ_VOL_LAST_6MTH,1.0
89,IQ_VALUE_TRADED_LAST_WK,IQ_VOL_LAST_WK,1.0
90,IQ_VALUE_TRADED_LAST_WK,IQ_VOL_LAST_MTH,-1.0
91,IQ_VALUE_TRADED_LAST_WK,IQ_VOL_LAST_3MTH,-1.0
92,IQ_VALUE_TRADED_LAST_WK,IQ_VOL_LAST_6MTH,1.0
93,IQ_VALUE_TRADED_LAST_WK,IQ_VOL_LAST_YR,1.0
94,IQ_VALUE_TRADED_LAST_MTH,IQ_VOL_LAST_WK,-1.0
95,IQ_VALUE_TRADED_LAST_MTH,IQ_VOL_LAST_MTH,1.0
96,IQ_VALUE_TRADED_LAST_MTH,IQ_VOL_LAST_3MTH,1.0
97,IQ_VALUE_TRADED_LAST_MTH,IQ_VOL_LAST_6MTH,-1.0
98,IQ_VALUE_TRADED_LAST_MTH,IQ_VOL_LAST_YR,-1.0
99,IQ_VALUE_TRADED_LAST_MTH,IQ_VALUE_TRADED_LAST_WK,-1.0
100,IQ_VALUE_TRADED_LAST_3MTH,IQ_VOL_LAST_WK,1.0
101,IQ_VALUE_TRADED_LAST_3MTH,IQ_VOL_LAST_MTH,-1.0
102,IQ_VALUE_TRADED_LAST_3MTH,IQ_VOL_LAST_3MTH,-1.0
103,IQ_VALUE_TRADED_LAST_3MTH,IQ_VOL_LAST_6MTH,1.0
104,IQ_VALUE_TRADED_LAST_3MTH,IQ_VOL_LAST_YR,1.0
105,IQ_VALUE_TRADED_LAST_3MTH,IQ_VALUE_TRADED_LAST_WK,1.0
106,IQ_VALUE_TRADED_LAST_3MTH,IQ_VALUE_TRADED_LAST_MTH,-1.0
107,IQ_VALUE_TRADED_LAST_6MTH,IQ_VOL_LAST_WK,-1.0
108,IQ_VALUE_TRADED_LAST_6MTH,IQ_VOL_LAST_MTH,1.0
109,IQ_VALUE_TRADED_LAST_6MTH,IQ_VOL_LAST_3MTH,1.0
110,IQ_VALUE_TRADED_LAST_6MTH,IQ_VOL_LAST_6MTH,-1.0
111,IQ_VALUE_TRADED_LAST_6MTH,IQ_VOL_LAST_YR,-1.0
112,IQ_VALUE_TRADED_LAST_6MTH,IQ_VALUE_TRADED_LAST_WK,-1.0
113,IQ_VALUE_TRADED_LAST_6MTH,IQ_VALUE_TRADED_LAST_MTH,1.0
114,IQ_VALUE_TRADED_LAST_6MTH,IQ_VALUE_TRADED_LAST_3MTH,-1.0
115,IQ_VALUE_TRADED_LAST_YR,IQ_VOL_LAST_WK,-1.0
116,IQ_VALUE_TRADED_LAST_YR,IQ_VOL_LAST_MTH,1.0
117,IQ_VALUE_TRADED_LAST_YR,IQ_VOL_LAST_3MTH,1.0
118,IQ_VALUE_TRADED_LAST_YR,IQ_VOL_LAST_6MTH,-1.0
119,IQ_VALUE_TRADED_LAST_YR,IQ_VOL_LAST_YR,-1.0
120,IQ_VALUE_TRADED_LAST_YR,IQ_VALUE_TRADED_LAST_WK,-1.0
121,IQ_VALUE_TRADED_LAST_YR,IQ_VALUE_TRADED_LAST_MTH,1.0
122,IQ_VALUE_TRADED_LAST_YR,IQ_VALUE_TRADED_LAST_3MTH,-1.0
123,IQ_VALUE_TRADED_LAST_YR,IQ_VALUE_TRADED_LAST_6MTH,1.0
124,IQ_RSI_ADJ,IQ_RSI,0.9995949757626069
125,IQ_RETURN_COMMON_EQUITY,IQ_RETURN_EQUITY,1.0
126,IQ_EBIT_MARGIN,IQ_EBITA_MARGIN,0.9987927091026971
127,IQ_NI_NORM_MARGIN,IQ_EBITA_MARGIN,0.9961519796217415
128,IQ_NI_NORM_MARGIN,IQ_EBIT_MARGIN,0.9974619799149251
129,IQ_QUICK_RATIO,IQ_CURRENT_RATIO,0.9951885485711456
130,IQ_EBIT_1YR_ANN_GROWTH,IQ_EBITA_1YR_ANN_GROWTH,0.999795076700937
131,IQ_NI_NORM_1YR_ANN_GROWTH,IQ_GP_1YR_ANN_GROWTH,0.9810725187912825
132,IQ_NI_NORM_1YR_ANN_GROWTH,IQ_EBITA_1YR_ANN_GROWTH,0.9964837505905904
133,IQ_NI_NORM_1YR_ANN_GROWTH,IQ_EBIT_1YR_ANN_GROWTH,0.9964002012505806
134,IQ_TBV_1YR_ANN_GROWTH,IQ_COMMON_EQUITY_1YR_ANN_GROWTH,0.996303529951902
135,IQ_EBIT_2YR_ANN_CAGR,IQ_EBITA_2YR_ANN_CAGR,0.9998857703860211
136,IQ_NI_NORM_2YR_ANN_CAGR,IQ_EBITA_2YR_ANN_CAGR,0.9960953728929436
137,IQ_NI_NORM_2YR_ANN_CAGR,IQ_EBIT_2YR_ANN_CAGR,0.9959796117308993
138,IQ_TBV_2YR_ANN_CAGR,IQ_COMMON_EQUITY_2YR_ANN_CAGR,0.9981048988241009
139,IQ_EBIT_3YR_ANN_CAGR,IQ_EBITA_3YR_ANN_CAGR,0.9998334236865299
140,IQ_NI_NORM_3YR_ANN_CAGR,IQ_EBITA_3YR_ANN_CAGR,0.9982634737772088
141,IQ_NI_NORM_3YR_ANN_CAGR,IQ_EBIT_3YR_ANN_CAGR,0.9984902086588642
142,IQ_TBV_3YR_ANN_CAGR,IQ_COMMON_EQUITY_3YR_ANN_CAGR,0.9988620872089288
143,IQ_TOTAL_ASSETS_3YR_ANN_CAGR,IQ_GP_3YR_ANN_CAGR,0.9803106460676728
144,IQ_GP_5YR_ANN_CAGR,IQ_TOTAL_REV_5YR_ANN_CAGR,0.9827405344956555
145,IQ_COMMON_EQUITY_5YR_ANN_CAGR,IQ_SHARESOUTSTANDING,0.9853591261672077
146,IQ_COMMON_EQUITY_5YR_ANN_CAGR,IQ_CLASS_SHARESOUTSTANDING,0.9853591261672077
147,IQ_TBV_5YR_ANN_CAGR,IQ_SHARESOUTSTANDING,0.9850746297627596
148,IQ_TBV_5YR_ANN_CAGR,IQ_CLASS_SHARESOUTSTANDING,0.9850746297627596
149,IQ_TBV_5YR_ANN_CAGR,IQ_COMMON_EQUITY_5YR_ANN_CAGR,0.9993293746576041
150,IQ_TOTAL_ASSETS_5YR_ANN_CAGR,IQ_COMMON_EQUITY_5YR_ANN_CAGR,0.9816700132486335
151,IQ_GP_7YR_ANN_CAGR,IQ_TOTAL_REV_7YR_ANN_CAGR,0.9830624918516049
152,IQ_TBV_7YR_ANN_CAGR,IQ_COMMON_EQUITY_7YR_ANN_CAGR,0.9992414475201563
153,IQ_GP_10YR_ANN_CAGR,IQ_TOTAL_REV_10YR_ANN_CAGR,0.9817735078473218
154,IQ_TBV_10YR_ANN_CAGR,IQ_COMMON_EQUITY_10YR_ANN_CAGR,0.999005000507531
155,IQ_TEV_EBIT_EXER,IQ_TEV_EBIT_OUT,0.9999999563475304
156,IQ_PE_NORMALIZED,IQ_TEV_EBIT,0.9844289931970955
157,IQ_PTBV,IQ_PBV,0.996962761237571
158,IQ_MKTCAP_TOTAL_REV,IQ_PRICE_SALES,0.9977396230599561
159,IQ_MKTCAP_TOTAL_REV_EXER,IQ_MKTCAP_TOTAL_REV_OUT,0.999999951783034
160,IQ_MKTCAP_EBT_EXCL,IQ_TEV_EBIT,0.980628308550931
161,IQ_MKTCAP_EBT_EXCL,IQ_PE_NORMALIZED,0.9995073360588121
162,IQ_MKTCAP_EBT_EXCL_OUT,IQ_TEV_EBIT_OUT,0.9952080870002029
163,IQ_MKTCAP_EBT_EXCL_OUT,IQ_TEV_EBIT_EXER,0.9951933307217532
164,IQ_MKTCAP_EBT_EXCL_OUT,IQ_MKTCAP_TOTAL_REV_OUT,0.9902262446898235
165,IQ_MKTCAP_EBT_EXCL_OUT,IQ_MKTCAP_TOTAL_REV_EXER,0.9902409310901462
166,IQ_MKTCAP_EBT_EXCL_EXER,IQ_TEV_EBIT_OUT,0.9952225369821438
167,IQ_MKTCAP_EBT_EXCL_EXER,IQ_TEV_EBIT_EXER,0.9952078690679796
168,IQ_MKTCAP_EBT_EXCL_EXER,IQ_MKTCAP_TOTAL_REV_OUT,0.9902118469190988
169,IQ_MKTCAP_EBT_EXCL_EXER,IQ_MKTCAP_TOTAL_REV_EXER,0.9902266261741746
170,IQ_MKTCAP_EBT_EXCL_EXER,IQ_MKTCAP_EBT_EXCL_OUT,0.9999999551612063
171,IQ_PRICE_TARGET,IQ_LASTSALEPRICE,0.986104164831951
172,IQ_PRICE_TARGET,IQ_HIGHPRICE,0.9866736456303334
173,IQ_PRICE_TARGET,IQ_LOWPRICE,0.9857415905258881
174,IQ_PRICE_TARGET,IQ_OPENPRICE,0.9863519463648767
175,IQ_PRICE_TARGET,IQ_CLOSEPRICE,0.986104164831951
176,IQ_PRICE_TARGET,IQ_CLOSEPRICE_ADJ,0.98312517988373
177,IQ_PRICE_TARGET,IQ_VWAP,0.98616034674666
178,IQ_PRICE_TARGET,IQ_EQUITY_BIDPRICE,0.9861000129106091
179,IQ_PRICE_TARGET,IQ_EQUITY_ASKPRICE,0.9861040706029145
180,IQ_PRICE_TARGET,IQ_EQUITY_MIDPRICE,0.9861020507926442
181,IQ_PRICE_TARGET,IQ_YEARHIGH,0.9802057604659297
182,IQ_PRICE_TARGET,IQ_TEV,0.9856606093990903
183,IQ_MEDIAN_TARGET_PRICE,IQ_LASTSALEPRICE,0.9877062323864942
184,IQ_MEDIAN_TARGET_PRICE,IQ_HIGHPRICE,0.9882566553614457
185,IQ_MEDIAN_TARGET_PRICE,IQ_LOWPRICE,0.9873511828497697
186,IQ_MEDIAN_TARGET_PRICE,IQ_OPENPRICE,0.9879443331716158
187,IQ_MEDIAN_TARGET_PRICE,IQ_CLOSEPRICE,0.9877062323864942
188,IQ_MEDIAN_TARGET_PRICE,IQ_CLOSEPRICE_ADJ,0.9847136333440423
189,IQ_MEDIAN_TARGET_PRICE,IQ_VWAP,0.9877679376274631
190,IQ_MEDIAN_TARGET_PRICE,IQ_EQUITY_BIDPRICE,0.9877021588598751
191,IQ_MEDIAN_TARGET_PRICE,IQ_EQUITY_ASKPRICE,0.9877062461039476
192,IQ_MEDIAN_TARGET_PRICE,IQ_EQUITY_MIDPRICE,0.9877042115060926
193,IQ_MEDIAN_TARGET_PRICE,IQ_MARKETCAP,0.9811477358626401
194,IQ_MEDIAN_TARGET_PRICE,IQ_CLASS_MARKETCAP,0.9811477358626401
195,IQ_MEDIAN_TARGET_PRICE,IQ_TEV,0.9869914039872248
196,IQ_MEDIAN_TARGET_PRICE,IQ_PRICE_TARGET,0.999582492962982
197,IQ_HIGH_TARGET_PRICE,IQ_PRICE_TARGET,0.9865208807097001
198,IQ_HIGH_TARGET_PRICE,IQ_MEDIAN_TARGET_PRICE,0.9831609285897264
